id,child_id,child_first_name,child_last_name,start,end,type,method,amount,notes,tags
827,1,JOJO,,2022-10-04 11:47:00,2022-10-04 11:48:00,formula,bottle,120.0,,
826,1,JOJO,,2022-10-04 07:22:00,2022-10-04 07:25:00,formula,bottle,120.0,,
825,1,JOJO,,2022-10-04 05:43:00,2022-10-04 05:45:00,formula,bottle,30.0,,
824,1,JOJO,,2022-10-03 22:50:00,2022-10-03 23:01:00,formula,bottle,150.0,,
823,1,JOJO,,2022-10-03 18:50:00,2022-10-03 18:51:00,formula,bottle,60.0,,
822,1,JOJO,,2022-10-03 14:08:00,2022-10-03 14:21:00,formula,bottle,150.0,,
821,1,JOJO,,2022-10-03 10:03:00,2022-10-03 10:25:00,formula,bottle,120.0,,
820,1,JOJO,,2022-10-03 06:00:00,2022-10-03 06:03:00,formula,bottle,150.0,,
819,1,JOJO,,2022-10-03 00:45:00,2022-10-03 01:10:00,formula,bottle,150.0,,
818,1,JOJO,,2022-10-02 21:26:00,2022-10-02 21:35:00,formula,bottle,110.0,,
817,1,JOJO,,2022-10-02 17:08:00,2022-10-02 17:41:00,formula,bottle,165.0,,
816,1,JOJO,,2022-10-02 12:55:00,2022-10-02 13:08:00,formula,bottle,150.0,,
815,1,JOJO,,2022-10-02 07:15:00,2022-10-02 07:50:00,formula,bottle,150.0,,
814,1,JOJO,,2022-10-02 03:50:00,2022-10-02 04:20:00,formula,bottle,100.0,,
813,1,JOJO,,2022-10-02 02:33:00,2022-10-02 02:55:00,breast milk,both breasts,,,
812,1,JOJO,,2022-10-01 22:02:00,2022-10-01 22:42:00,formula,bottle,150.0,,
811,1,JOJO,,2022-10-01 16:00:00,2022-10-01 16:00:00,breast milk,bottle,150.0,,
810,1,JOJO,,2022-10-01 11:42:00,2022-10-01 12:00:00,breast milk,bottle,150.0,,
809,1,JOJO,,2022-10-01 07:15:00,2022-10-01 09:53:00,breast milk,bottle,100.0,,
808,1,JOJO,,2022-10-01 04:18:00,2022-10-01 04:44:00,formula,bottle,80.0,,
807,1,JOJO,,2022-09-30 23:14:00,2022-09-30 23:27:00,formula,bottle,150.0,,
806,1,JOJO,,2022-09-30 17:00:00,2022-09-30 18:15:00,formula,bottle,90.0,,
805,1,JOJO,,2022-09-30 13:00:00,2022-09-30 13:39:00,formula,bottle,140.0,,
804,1,JOJO,,2022-09-30 07:21:00,2022-09-30 08:00:00,formula,bottle,130.0,,
803,1,JOJO,,2022-09-30 03:46:00,2022-09-30 03:59:00,formula,bottle,110.0,,
802,1,JOJO,,2022-09-30 00:15:00,2022-09-30 00:35:00,formula,bottle,100.0,,
801,1,JOJO,,2022-09-29 19:40:00,2022-09-29 19:50:00,formula,bottle,120.0,,
800,1,JOJO,,2022-09-29 15:46:00,2022-09-29 16:02:00,breast milk,bottle,150.0,,
799,1,JOJO,,2022-09-29 11:49:00,2022-09-29 11:49:00,formula,bottle,150.0,,
798,1,JOJO,,2022-09-29 07:25:00,2022-09-29 07:25:00,formula,bottle,150.0,,
797,1,JOJO,,2022-09-29 02:34:00,2022-09-29 02:34:00,formula,bottle,120.0,,
796,1,JOJO,,2022-09-28 21:47:00,2022-09-28 21:47:00,formula,bottle,150.0,,
795,1,JOJO,,2022-09-28 17:34:00,2022-09-28 17:51:00,formula,bottle,150.0,,
794,1,JOJO,,2022-09-28 13:01:00,2022-09-28 13:18:00,breast milk,bottle,165.0,,
793,1,JOJO,,2022-09-28 08:00:00,2022-09-28 09:46:00,formula,bottle,150.0,,
792,1,JOJO,,2022-09-28 04:45:00,2022-09-28 05:10:00,formula,bottle,110.0,,
791,1,JOJO,,2022-09-28 01:34:00,2022-09-28 01:34:00,formula,bottle,110.0,,
790,1,JOJO,,2022-09-27 22:00:00,2022-09-27 22:30:00,formula,bottle,110.0,,
789,1,JOJO,,2022-09-27 17:14:00,2022-09-27 17:14:00,formula,bottle,150.0,,
788,1,JOJO,,2022-09-27 12:45:00,2022-09-27 12:45:00,breast milk,bottle,140.0,,
787,1,JOJO,,2022-09-27 07:43:00,2022-09-27 09:21:00,formula,bottle,150.0,,
786,1,JOJO,,2022-09-27 04:05:00,2022-09-27 04:11:00,breast milk,bottle,110.0,,
785,1,JOJO,,2022-09-27 02:15:00,2022-09-27 02:16:00,breast milk,right breast,,,
784,1,JOJO,,2022-09-26 21:44:00,2022-09-26 22:00:00,formula,bottle,140.0,,
783,1,JOJO,,2022-09-26 18:40:00,2022-09-26 18:51:00,breast milk,right breast,,,
782,1,JOJO,,2022-09-26 15:41:00,2022-09-26 15:41:00,formula,bottle,150.0,,
781,1,JOJO,,2022-09-26 11:50:00,2022-09-26 11:50:00,formula,bottle,120.0,,
780,1,JOJO,,2022-09-26 07:20:00,2022-09-26 07:59:00,formula,bottle,150.0,,
779,1,JOJO,,2022-09-26 03:07:00,2022-09-26 03:30:00,formula,bottle,120.0,,
778,1,JOJO,,2022-09-25 21:43:00,2022-09-25 22:19:00,formula,bottle,150.0,,
777,1,JOJO,,2022-09-25 17:00:00,2022-09-25 17:02:00,breast milk,bottle,20.0,,
776,1,JOJO,,2022-09-25 12:43:00,2022-09-25 13:01:00,formula,bottle,150.0,,
775,1,JOJO,,2022-09-25 08:14:00,2022-09-25 08:24:00,formula,bottle,150.0,,
774,1,JOJO,,2022-09-25 01:44:00,2022-09-25 02:00:00,formula,bottle,150.0,,
772,1,JOJO,,2022-09-24 22:34:00,2022-09-24 22:34:00,formula,bottle,110.0,,
773,1,JOJO,,2022-09-24 19:00:00,2022-09-24 19:35:00,formula,bottle,40.0,,
771,1,JOJO,,2022-09-24 15:50:00,2022-09-24 15:52:00,formula,bottle,150.0,,
770,1,JOJO,,2022-09-24 13:30:00,2022-09-24 13:44:00,breast milk,both breasts,,,
769,1,JOJO,,2022-09-24 09:55:00,2022-09-24 10:14:00,breast milk,bottle,120.0,,
768,1,JOJO,,2022-09-24 09:42:00,2022-09-24 09:42:00,breast milk,left breast,,,
767,1,JOJO,,2022-09-24 05:42:00,2022-09-24 06:00:00,breast milk,bottle,90.0,,
766,1,JOJO,,2022-09-24 02:23:00,2022-09-24 02:23:00,formula,bottle,80.0,,
765,1,JOJO,,2022-09-23 22:24:00,2022-09-23 22:35:00,formula,bottle,120.0,,
764,1,JOJO,,2022-09-23 17:38:00,2022-09-23 17:47:00,formula,bottle,150.0,,
763,1,JOJO,,2022-09-23 13:05:00,2022-09-23 13:38:00,formula,bottle,120.0,,
762,1,JOJO,,2022-09-23 07:33:00,2022-09-23 08:00:00,formula,bottle,150.0,,
761,1,JOJO,,2022-09-23 04:27:00,2022-09-23 04:45:00,formula,bottle,80.0,,
760,1,JOJO,,2022-09-22 22:57:00,2022-09-22 23:04:00,formula,bottle,150.0,,
759,1,JOJO,,2022-09-22 16:50:00,2022-09-22 16:59:00,breast milk,bottle,120.0,,
758,1,JOJO,,2022-09-22 14:30:00,2022-09-22 14:48:00,breast milk,bottle,100.0,,
757,1,JOJO,,2022-09-22 09:28:00,2022-09-22 09:28:00,formula,bottle,150.0,,
756,1,JOJO,,2022-09-22 05:55:00,2022-09-22 06:13:00,formula,bottle,120.0,,
755,1,JOJO,,2022-09-22 01:26:00,2022-09-22 02:00:00,formula,bottle,120.0,,
754,1,JOJO,,2022-09-21 22:23:00,2022-09-21 22:23:00,breast milk,right breast,,,
753,1,JOJO,,2022-09-21 20:05:00,2022-09-21 20:12:00,breast milk,bottle,100.0,,
752,1,JOJO,,2022-09-21 16:28:00,2022-09-21 16:28:00,formula,bottle,150.0,,
751,1,JOJO,,2022-09-21 12:00:00,2022-09-21 12:00:00,formula,bottle,150.0,,
750,1,JOJO,,2022-09-21 07:35:00,2022-09-21 08:04:00,breast milk,bottle,160.0,,
749,1,JOJO,,2022-09-21 03:04:00,2022-09-21 03:14:00,formula,bottle,110.0,,
748,1,JOJO,,2022-09-20 22:20:00,2022-09-20 22:32:00,formula,bottle,100.0,,
747,1,JOJO,,2022-09-20 17:30:00,2022-09-20 17:52:00,formula,bottle,150.0,,
746,1,JOJO,,2022-09-20 12:50:00,2022-09-20 13:31:00,breast milk,bottle,150.0,,
745,1,JOJO,,2022-09-20 08:02:00,2022-09-20 09:51:00,breast milk,bottle,150.0,,
744,1,JOJO,,2022-09-20 05:05:00,2022-09-20 05:23:00,breast milk,right breast,,,
743,1,JOJO,,2022-09-20 02:02:00,2022-09-20 02:02:00,formula,bottle,120.0,,
742,1,JOJO,,2022-09-19 21:44:00,2022-09-19 21:47:00,formula,bottle,110.0,,
741,1,JOJO,,2022-09-19 15:50:00,2022-09-19 16:11:00,formula,bottle,150.0,,
740,1,JOJO,,2022-09-19 10:16:00,2022-09-19 10:51:00,breast milk,bottle,160.0,,
739,1,JOJO,,2022-09-19 06:30:00,2022-09-19 06:59:00,formula,bottle,120.0,,
738,1,JOJO,,2022-09-19 01:59:00,2022-09-19 01:59:00,formula,bottle,110.0,,
737,1,JOJO,,2022-09-18 21:40:00,2022-09-18 21:41:00,formula,bottle,110.0,,
736,1,JOJO,,2022-09-18 14:37:00,2022-09-18 15:27:00,formula,bottle,130.0,,
735,1,JOJO,,2022-09-18 10:48:00,2022-09-18 10:49:00,breast milk,bottle,120.0,,
734,1,JOJO,,2022-09-18 06:18:00,2022-09-18 06:40:00,formula,bottle,150.0,,
733,1,JOJO,,2022-09-18 03:03:00,2022-09-18 03:25:00,breast milk,right breast,,,
732,1,JOJO,,2022-09-17 23:32:00,2022-09-17 23:54:00,formula,bottle,130.0,,
731,1,JOJO,,2022-09-17 19:16:00,2022-09-17 19:16:00,formula,bottle,30.0,,
730,1,JOJO,,2022-09-17 16:23:00,2022-09-17 17:41:00,formula,bottle,60.0,,
729,1,JOJO,,2022-09-17 12:40:00,2022-09-17 12:50:00,formula,bottle,150.0,,
728,1,JOJO,,2022-09-17 08:35:00,2022-09-17 08:35:00,breast milk,bottle,140.0,,
726,1,JOJO,,2022-09-17 03:14:00,2022-09-17 03:50:00,formula,bottle,120.0,,
725,1,JOJO,,2022-09-16 22:04:00,2022-09-16 22:20:00,formula,bottle,100.0,,
724,1,JOJO,,2022-09-16 19:15:00,2022-09-16 19:58:00,formula,bottle,40.0,,
723,1,JOJO,,2022-09-16 15:45:00,2022-09-16 16:15:00,formula,bottle,150.0,,
722,1,JOJO,,2022-09-16 11:10:00,2022-09-16 11:32:00,formula,bottle,150.0,,
721,1,JOJO,,2022-09-16 06:38:00,2022-09-16 07:10:00,formula,bottle,120.0,,
720,1,JOJO,,2022-09-16 03:17:00,2022-09-16 03:40:00,breast milk,bottle,70.0,,
719,1,JOJO,,2022-09-15 22:40:00,2022-09-15 23:00:00,formula,bottle,130.0,,
718,1,JOJO,,2022-09-15 17:00:00,2022-09-15 17:40:00,formula,bottle,110.0,,
717,1,JOJO,,2022-09-15 12:54:00,2022-09-15 13:14:00,breast milk,bottle,140.0,,
716,1,JOJO,,2022-09-15 09:40:00,2022-09-15 10:00:00,breast milk,bottle,90.0,,
715,1,JOJO,,2022-09-15 07:13:00,2022-09-15 07:30:00,breast milk,bottle,60.0,,
714,1,JOJO,,2022-09-15 03:52:00,2022-09-15 04:15:00,formula,bottle,150.0,,
713,1,JOJO,,2022-09-14 23:12:00,2022-09-14 23:22:00,formula,bottle,120.0,,
712,1,JOJO,,2022-09-14 18:00:00,2022-09-14 18:07:00,breast milk,bottle,120.0,,
711,1,JOJO,,2022-09-14 13:55:00,2022-09-14 14:15:00,formula,bottle,110.0,,
710,1,JOJO,,2022-09-14 10:54:00,2022-09-14 10:54:00,formula,bottle,100.0,,
709,1,JOJO,,2022-09-14 07:30:00,2022-09-14 07:50:00,formula,bottle,90.0,,
708,1,JOJO,,2022-09-14 04:25:00,2022-09-14 04:36:00,formula,bottle,120.0,,
707,1,JOJO,,2022-09-14 00:16:00,2022-09-14 01:00:00,formula,bottle,80.0,,
706,1,JOJO,,2022-09-13 19:56:00,2022-09-13 19:58:00,formula,bottle,120.0,,
705,1,JOJO,,2022-09-13 16:25:00,2022-09-13 16:52:00,formula,bottle,120.0,,
704,1,JOJO,,2022-09-13 12:40:00,2022-09-13 13:00:00,formula,bottle,80.0,,
703,1,JOJO,,2022-09-13 09:20:00,2022-09-13 10:06:00,formula,bottle,80.0,,
702,1,JOJO,,2022-09-13 07:47:00,2022-09-13 07:47:00,breast milk,right breast,,,
701,1,JOJO,,2022-09-13 05:00:00,2022-09-13 05:30:00,formula,bottle,80.0,,
700,1,JOJO,,2022-09-13 03:10:00,2022-09-13 03:10:00,breast milk,left breast,,,
699,1,JOJO,,2022-09-12 23:22:00,2022-09-13 00:01:00,formula,bottle,110.0,,
698,1,JOJO,,2022-09-12 19:12:00,2022-09-12 19:17:00,formula,bottle,50.0,,
697,1,JOJO,,2022-09-12 15:15:00,2022-09-12 15:35:00,formula,bottle,120.0,,
696,1,JOJO,,2022-09-12 11:17:00,2022-09-12 11:45:00,formula,bottle,130.0,,
695,1,JOJO,,2022-09-12 08:22:00,2022-09-12 08:46:00,breast milk,bottle,120.0,,
694,1,JOJO,,2022-09-12 05:30:00,2022-09-12 06:08:00,breast milk,right breast,,,
693,1,JOJO,,2022-09-12 03:16:00,2022-09-12 03:17:00,breast milk,right breast,,,
692,1,JOJO,,2022-09-12 01:27:00,2022-09-12 01:27:00,breast milk,left breast,,,
691,1,JOJO,,2022-09-11 22:02:00,2022-09-11 22:13:00,formula,bottle,70.0,,
690,1,JOJO,,2022-09-11 17:51:00,2022-09-11 17:57:00,formula,bottle,70.0,,
689,1,JOJO,,2022-09-11 15:41:00,2022-09-11 16:22:00,formula,bottle,70.0,,
688,1,JOJO,,2022-09-11 11:51:00,2022-09-11 12:19:00,breast milk,bottle,150.0,,
687,1,JOJO,,2022-09-11 07:40:00,2022-09-11 09:38:00,breast milk,bottle,160.0,,
686,1,JOJO,,2022-09-11 04:24:00,2022-09-11 05:00:00,formula,bottle,90.0,,
685,1,JOJO,,2022-09-11 03:14:00,2022-09-11 03:17:00,breast milk,right breast,,,
684,1,JOJO,,2022-09-10 22:15:00,2022-09-10 22:54:00,formula,bottle,120.0,,
683,1,JOJO,,2022-09-10 17:33:00,2022-09-10 17:46:00,formula,bottle,150.0,,
682,1,JOJO,,2022-09-10 14:55:00,2022-09-10 15:33:00,breast milk,bottle,80.0,,
681,1,JOJO,,2022-09-10 11:31:00,2022-09-10 11:32:00,formula,bottle,120.0,,
680,1,JOJO,,2022-09-10 08:24:00,2022-09-10 08:57:00,formula,bottle,150.0,,
679,1,JOJO,,2022-09-10 05:38:00,2022-09-10 06:00:00,formula,bottle,80.0,,
678,1,JOJO,,2022-09-10 02:44:00,2022-09-10 02:46:00,breast milk,left breast,,,
677,1,JOJO,,2022-09-09 22:22:00,2022-09-09 22:40:00,formula,bottle,70.0,,
676,1,JOJO,,2022-09-09 18:50:00,2022-09-09 18:50:00,breast milk,right breast,,,
675,1,JOJO,,2022-09-09 16:10:00,2022-09-09 17:10:00,formula,bottle,120.0,,
674,1,JOJO,,2022-09-09 11:44:00,2022-09-09 12:08:00,breast milk,bottle,150.0,,
673,1,JOJO,,2022-09-09 06:20:00,2022-09-09 07:00:00,formula,bottle,130.0,,
672,1,JOJO,,2022-09-09 04:27:00,2022-09-09 04:27:00,breast milk,left breast,,,
671,1,JOJO,,2022-09-09 02:50:00,2022-09-09 03:00:00,breast milk,right breast,,,
670,1,JOJO,,2022-09-08 22:31:00,2022-09-08 22:31:00,formula,bottle,90.0,,
669,1,JOJO,,2022-09-08 19:16:00,2022-09-08 19:19:00,breast milk,right breast,,,
668,1,JOJO,,2022-09-08 17:12:00,2022-09-08 17:12:00,breast milk,bottle,80.0,,
667,1,JOJO,,2022-09-08 14:20:00,2022-09-08 14:20:00,breast milk,right breast,,,
666,1,JOJO,,2022-09-08 11:31:00,2022-09-08 11:32:00,breast milk,bottle,130.0,,
665,1,JOJO,,2022-09-08 08:39:00,2022-09-08 09:42:00,formula,bottle,120.0,,
664,1,JOJO,,2022-09-08 04:57:00,2022-09-08 05:35:00,formula,bottle,130.0,,
663,1,JOJO,,2022-09-08 02:09:00,2022-09-08 02:09:00,breast milk,right breast,,,
662,1,JOJO,,2022-09-07 22:37:00,2022-09-07 23:00:00,formula,bottle,110.0,,
661,1,JOJO,,2022-09-07 19:10:00,2022-09-07 19:14:00,breast milk,left breast,,,
660,1,JOJO,,2022-09-07 17:28:00,2022-09-07 17:28:00,formula,bottle,120.0,,
659,1,JOJO,,2022-09-07 13:47:00,2022-09-07 13:49:00,formula,bottle,150.0,,
658,1,JOJO,,2022-09-07 10:10:00,2022-09-07 10:47:00,formula,bottle,120.0,,
657,1,JOJO,,2022-09-07 06:49:00,2022-09-07 06:49:00,breast milk,bottle,100.0,,
656,1,JOJO,,2022-09-07 03:00:00,2022-09-07 03:26:00,formula,bottle,120.0,,
655,1,JOJO,,2022-09-06 23:09:00,2022-09-06 23:09:00,formula,bottle,150.0,,
654,1,JOJO,,2022-09-06 20:15:00,2022-09-06 20:16:00,breast milk,right breast,,,
653,1,JOJO,,2022-09-06 19:30:00,2022-09-06 19:36:00,breast milk,bottle,100.0,,
652,1,JOJO,,2022-09-06 18:48:00,2022-09-06 18:58:00,breast milk,right breast,,,
651,1,JOJO,,2022-09-06 16:09:00,2022-09-06 16:09:00,breast milk,left breast,,,
650,1,JOJO,,2022-09-06 14:41:00,2022-09-06 14:51:00,breast milk,right breast,,,
649,1,JOJO,,2022-09-06 12:11:00,2022-09-06 12:11:00,breast milk,left breast,100.0,,
648,1,JOJO,,2022-09-06 07:30:00,2022-09-06 07:42:00,formula,bottle,150.0,,
647,1,JOJO,,2022-09-06 03:35:00,2022-09-06 04:05:00,formula,bottle,90.0,,
646,1,JOJO,,2022-09-05 23:34:00,2022-09-05 23:48:00,formula,bottle,130.0,,
645,1,JOJO,,2022-09-05 18:20:00,2022-09-05 19:00:00,formula,bottle,150.0,,
644,1,JOJO,,2022-09-05 15:14:00,2022-09-05 15:36:00,formula,bottle,150.0,,
643,1,JOJO,,2022-09-05 11:49:00,2022-09-05 12:09:00,breast milk,bottle,150.0,,
642,1,JOJO,,2022-09-05 08:28:00,2022-09-05 09:15:00,formula,bottle,120.0,,
640,1,JOJO,,2022-09-05 05:52:00,2022-09-05 05:52:00,breast milk,left breast,,,
641,1,JOJO,,2022-09-05 04:11:00,2022-09-05 04:25:00,breast milk,right breast,,,
639,1,JOJO,,2022-09-05 01:00:00,2022-09-05 01:25:00,formula,bottle,150.0,,
638,1,JOJO,,2022-09-04 21:26:00,2022-09-04 21:26:00,breast milk,left breast,,,
637,1,JOJO,,2022-09-04 17:01:00,2022-09-04 17:30:00,breast milk,bottle,140.0,,
636,1,JOJO,,2022-09-04 13:21:00,2022-09-04 13:21:00,breast milk,bottle,120.0,,
635,1,JOJO,,2022-09-04 09:58:00,2022-09-04 10:35:00,formula,bottle,100.0,,
634,1,JOJO,,2022-09-04 05:53:00,2022-09-04 05:54:00,breast milk,right breast,,,
633,1,JOJO,,2022-09-04 02:28:00,2022-09-04 03:30:00,formula,bottle,90.0,,
632,1,JOJO,,2022-09-03 22:08:00,2022-09-03 22:09:00,breast milk,both breasts,,,
631,1,JOJO,,2022-09-03 18:41:00,2022-09-03 18:44:00,breast milk,bottle,150.0,,
630,1,JOJO,,2022-09-03 15:33:00,2022-09-03 15:35:00,formula,bottle,150.0,,
629,1,JOJO,,2022-09-03 11:45:00,2022-09-03 11:46:00,formula,bottle,150.0,,
628,1,JOJO,,2022-09-03 08:24:00,2022-09-03 08:44:00,breast milk,bottle,130.0,,
626,1,JOJO,,2022-09-03 06:48:00,2022-09-03 06:48:00,breast milk,right breast,,,
625,1,JOJO,,2022-09-03 03:58:00,2022-09-03 04:16:00,formula,bottle,120.0,,
624,1,JOJO,,2022-09-03 00:50:00,2022-09-03 00:51:00,formula,bottle,120.0,,
623,1,JOJO,,2022-09-02 22:00:00,2022-09-02 22:00:00,formula,bottle,150.0,,
622,1,JOJO,,2022-09-02 16:04:00,2022-09-02 16:04:00,breast milk,bottle,150.0,,
621,1,JOJO,,2022-09-02 12:15:00,2022-09-02 12:18:00,formula,bottle,150.0,,
620,1,JOJO,,2022-09-02 08:18:00,2022-09-02 08:56:00,formula,bottle,150.0,,
619,1,JOJO,,2022-09-02 04:46:00,2022-09-02 04:46:00,breast milk,both breasts,,,
618,1,JOJO,,2022-09-02 01:02:00,2022-09-02 01:30:00,formula,bottle,120.0,,
617,1,JOJO,,2022-09-01 22:40:00,2022-09-01 22:40:00,breast milk,both breasts,,,
616,1,JOJO,,2022-09-01 18:32:00,2022-09-01 18:36:00,breast milk,bottle,150.0,,
615,1,JOJO,,2022-09-01 15:30:00,2022-09-01 16:09:00,formula,bottle,120.0,,
614,1,JOJO,,2022-09-01 12:20:00,2022-09-01 13:00:00,breast milk,bottle,140.0,,
613,1,JOJO,,2022-09-01 10:09:00,2022-09-01 10:09:00,breast milk,left breast,,,
612,1,JOJO,,2022-09-01 07:22:00,2022-09-01 07:26:00,formula,bottle,120.0,,
611,1,JOJO,,2022-09-01 04:28:00,2022-09-01 04:29:00,breast milk,both breasts,,,
610,1,JOJO,,2022-09-01 01:32:00,2022-09-01 01:59:00,formula,bottle,120.0,,
609,1,JOJO,,2022-08-31 21:16:00,2022-08-31 21:34:00,formula,bottle,80.0,,
608,1,JOJO,,2022-08-31 18:47:00,2022-08-31 18:57:00,breast milk,right breast,,,
607,1,JOJO,,2022-08-31 18:16:00,2022-08-31 18:30:00,formula,bottle,90.0,,
606,1,JOJO,,2022-08-31 16:16:00,2022-08-31 16:48:00,formula,bottle,60.0,,
605,1,JOJO,,2022-08-31 15:30:00,2022-08-31 15:31:00,breast milk,left breast,,,
604,1,JOJO,,2022-08-31 12:31:00,2022-08-31 13:10:00,breast milk,bottle,135.0,,
603,1,JOJO,,2022-08-31 08:02:00,2022-08-31 08:22:00,breast milk,bottle,140.0,,
602,1,JOJO,,2022-08-31 05:06:00,2022-08-31 05:31:00,formula,bottle,90.0,,
601,1,JOJO,,2022-08-31 02:24:00,2022-08-31 02:24:00,formula,bottle,120.0,,
600,1,JOJO,,2022-08-30 22:55:00,2022-08-30 22:55:00,breast milk,bottle,120.0,,
599,1,JOJO,,2022-08-30 18:36:00,2022-08-30 18:39:00,formula,bottle,110.0,,
597,1,JOJO,,2022-08-30 15:08:00,2022-08-30 15:09:00,breast milk,bottle,130.0,,
596,1,JOJO,,2022-08-30 09:54:00,2022-08-30 09:55:00,breast milk,bottle,160.0,,
595,1,JOJO,,2022-08-30 07:02:00,2022-08-30 07:03:00,breast milk,left breast,,,
594,1,JOJO,,2022-08-30 02:21:00,2022-08-30 03:00:00,formula,bottle,70.0,,
593,1,JOJO,,2022-08-30 00:21:00,2022-08-30 00:22:00,breast milk,right breast,,,
592,1,JOJO,,2022-08-29 21:09:00,2022-08-29 21:48:00,formula,bottle,125.0,,
591,1,JOJO,,2022-08-29 18:38:00,2022-08-29 18:38:00,formula,bottle,120.0,,
590,1,JOJO,,2022-08-29 16:05:00,2022-08-29 16:09:00,breast milk,bottle,130.0,,
589,1,JOJO,,2022-08-29 11:30:00,2022-08-29 12:08:00,breast milk,bottle,130.0,,
588,1,JOJO,,2022-08-29 08:10:00,2022-08-29 08:37:00,formula,bottle,120.0,,
587,1,JOJO,,2022-08-29 06:33:00,2022-08-29 07:51:00,breast milk,right breast,,,
586,1,JOJO,,2022-08-29 05:08:00,2022-08-29 05:30:00,formula,bottle,60.0,,
585,1,JOJO,,2022-08-29 02:09:00,2022-08-29 02:22:00,breast milk,right breast,,,
584,1,JOJO,,2022-08-28 23:15:00,2022-08-28 23:44:00,formula,bottle,120.0,,
583,1,JOJO,,2022-08-28 19:58:00,2022-08-28 20:04:00,formula,bottle,60.0,,
582,1,JOJO,,2022-08-28 16:47:00,2022-08-28 17:06:00,breast milk,bottle,100.0,,
580,1,JOJO,,2022-08-28 13:38:00,2022-08-28 14:19:00,formula,bottle,60.0,,
579,1,JOJO,,2022-08-28 10:27:00,2022-08-28 10:29:00,breast milk,bottle,140.0,,
578,1,JOJO,,2022-08-28 06:38:00,2022-08-28 07:23:00,formula,bottle,120.0,,
577,1,JOJO,,2022-08-28 05:26:00,2022-08-28 05:26:00,breast milk,left breast,,,
576,1,JOJO,,2022-08-28 03:03:00,2022-08-28 03:16:00,breast milk,right breast,,,
575,1,JOJO,,2022-08-28 00:35:00,2022-08-28 01:10:00,formula,bottle,120.0,,
574,1,JOJO,,2022-08-27 21:23:00,2022-08-27 21:39:00,formula,bottle,120.0,,
573,1,JOJO,,2022-08-27 18:10:00,2022-08-27 18:20:00,breast milk,right breast,,,
572,1,JOJO,,2022-08-27 15:40:00,2022-08-27 16:00:00,formula,bottle,110.0,,
571,1,JOJO,,2022-08-27 11:34:00,2022-08-27 13:24:00,formula,bottle,60.0,,
570,1,JOJO,,2022-08-27 07:40:00,2022-08-27 08:25:00,breast milk,bottle,120.0,,
569,1,JOJO,,2022-08-27 04:55:00,2022-08-27 04:56:00,breast milk,right breast,,,
568,1,JOJO,,2022-08-27 02:04:00,2022-08-27 02:27:00,formula,bottle,120.0,,
567,1,JOJO,,2022-08-26 23:07:00,2022-08-26 23:30:00,formula,bottle,120.0,,
566,1,JOJO,,2022-08-26 19:39:00,2022-08-26 19:40:00,breast milk,left breast,,,
565,1,JOJO,,2022-08-26 17:34:00,2022-08-26 17:35:00,breast milk,left breast,,,
564,1,JOJO,,2022-08-26 15:03:00,2022-08-26 15:04:00,breast milk,bottle,130.0,,
563,1,JOJO,,2022-08-26 12:12:00,2022-08-26 12:13:00,breast milk,right breast,,,
562,1,JOJO,,2022-08-26 08:30:00,2022-08-26 09:10:00,breast milk,bottle,140.0,,
561,1,JOJO,,2022-08-26 05:32:00,2022-08-26 05:48:00,formula,bottle,80.0,,
560,1,JOJO,,2022-08-26 03:54:00,2022-08-26 04:07:00,breast milk,right breast,,,
559,1,JOJO,,2022-08-26 01:26:00,2022-08-26 01:42:00,breast milk,bottle,100.0,,
558,1,JOJO,,2022-08-25 22:00:00,2022-08-25 22:19:00,formula,bottle,90.0,,
557,1,JOJO,,2022-08-25 18:47:00,2022-08-25 18:52:00,formula,bottle,100.0,,
556,1,JOJO,,2022-08-25 16:15:00,2022-08-25 16:17:00,formula,bottle,120.0,,
555,1,JOJO,,2022-08-25 13:33:00,2022-08-25 14:00:00,breast milk,bottle,130.0,,
554,1,JOJO,,2022-08-25 09:54:00,2022-08-25 10:04:00,breast milk,bottle,140.0,,
553,1,JOJO,,2022-08-25 06:03:00,2022-08-25 06:04:00,formula,bottle,120.0,,
552,1,JOJO,,2022-08-25 05:25:00,2022-08-25 05:26:00,breast milk,left breast,,,
551,1,JOJO,,2022-08-25 02:22:00,2022-08-25 02:39:00,breast milk,right breast,,,
550,1,JOJO,,2022-08-24 23:47:00,2022-08-25 00:11:00,formula,bottle,100.0,,
549,1,JOJO,,2022-08-24 21:04:00,2022-08-24 21:04:00,formula,bottle,100.0,,
548,1,JOJO,,2022-08-24 18:18:00,2022-08-24 18:40:00,formula,bottle,60.0,,
546,1,JOJO,,2022-08-24 15:15:00,2022-08-24 15:49:00,formula,bottle,80.0,,
545,1,JOJO,,2022-08-24 12:22:00,2022-08-24 12:23:00,formula,bottle,110.0,,
544,1,JOJO,,2022-08-24 07:06:00,2022-08-24 07:06:00,formula,bottle,120.0,,
543,1,JOJO,,2022-08-24 06:38:00,2022-08-24 06:39:00,breast milk,left breast,,,
542,1,JOJO,,2022-08-24 03:37:00,2022-08-24 04:10:00,formula,bottle,80.0,,
541,1,JOJO,,2022-08-24 02:03:00,2022-08-24 02:21:00,breast milk,right breast,,,
540,1,JOJO,,2022-08-23 22:56:00,2022-08-23 22:57:00,formula,bottle,70.0,,
539,1,JOJO,,2022-08-23 20:10:00,2022-08-23 20:30:00,formula,bottle,120.0,,
537,1,JOJO,,2022-08-23 18:00:00,2022-08-23 18:05:00,breast milk,bottle,80.0,,
536,1,JOJO,,2022-08-23 15:06:00,2022-08-23 15:06:00,breast milk,bottle,120.0,,
535,1,JOJO,,2022-08-23 12:02:00,2022-08-23 12:02:00,formula,bottle,100.0,,
534,1,JOJO,,2022-08-23 09:06:00,2022-08-23 09:41:00,breast milk,bottle,150.0,,
533,1,JOJO,,2022-08-23 05:30:00,2022-08-23 05:31:00,breast milk,left breast,,,
532,1,JOJO,,2022-08-23 03:06:00,2022-08-23 03:08:00,formula,bottle,70.0,,
531,1,JOJO,,2022-08-23 01:00:00,2022-08-23 01:08:00,breast milk,right breast,,,
530,1,JOJO,,2022-08-22 22:13:00,2022-08-22 22:45:00,formula,bottle,70.0,,
529,1,JOJO,,2022-08-22 18:26:00,2022-08-22 18:27:00,breast milk,bottle,80.0,,
528,1,JOJO,,2022-08-22 15:41:00,2022-08-22 15:42:00,breast milk,bottle,130.0,,
527,1,JOJO,,2022-08-22 15:30:00,2022-08-22 15:41:00,breast milk,left breast,,,
526,1,JOJO,,2022-08-22 12:18:00,2022-08-22 12:48:00,breast milk,both breasts,,,
525,1,JOJO,,2022-08-22 09:34:00,2022-08-22 09:53:00,breast milk,bottle,150.0,,
524,1,JOJO,,2022-08-22 05:52:00,2022-08-22 06:30:00,breast milk,both breasts,,,
523,1,JOJO,,2022-08-22 02:32:00,2022-08-22 02:34:00,formula,bottle,60.0,,
522,1,JOJO,,2022-08-21 23:26:00,2022-08-21 23:28:00,formula,bottle,120.0,,
521,1,JOJO,,2022-08-21 19:36:00,2022-08-21 19:36:00,formula,bottle,120.0,,
520,1,JOJO,,2022-08-21 17:15:00,2022-08-21 17:17:00,formula,bottle,120.0,,
519,1,JOJO,,2022-08-21 13:39:00,2022-08-21 13:40:00,breast milk,bottle,160.0,,
518,1,JOJO,,2022-08-21 09:41:00,2022-08-21 09:59:00,formula,bottle,110.0,,
517,1,JOJO,,2022-08-21 06:45:00,2022-08-21 06:46:00,formula,bottle,120.0,,
516,1,JOJO,,2022-08-21 04:50:00,2022-08-21 04:50:00,breast milk,left breast,,,
515,1,JOJO,,2022-08-21 03:30:00,2022-08-21 03:45:00,breast milk,right breast,,,
514,1,JOJO,,2022-08-21 01:31:00,2022-08-21 01:32:00,formula,bottle,90.0,,
513,1,JOJO,,2022-08-20 22:30:00,2022-08-20 23:00:00,breast milk,bottle,100.0,,
512,1,JOJO,,2022-08-20 18:45:00,2022-08-20 18:45:00,breast milk,bottle,120.0,,
511,1,JOJO,,2022-08-20 15:48:00,2022-08-20 15:51:00,breast milk,bottle,,,
510,1,JOJO,,2022-08-20 12:46:00,2022-08-20 12:47:00,breast milk,bottle,150.0,,
509,1,JOJO,,2022-08-20 09:55:00,2022-08-20 10:11:00,breast milk,bottle,100.0,,
508,1,JOJO,,2022-08-20 08:26:00,2022-08-20 08:41:00,breast milk,left breast,,,
507,1,JOJO,,2022-08-20 06:23:00,2022-08-20 06:46:00,formula,bottle,120.0,,
506,1,JOJO,,2022-08-20 03:20:00,2022-08-20 03:44:00,formula,bottle,90.0,,
505,1,JOJO,,2022-08-20 01:30:00,2022-08-20 01:34:00,breast milk,both breasts,,,
504,1,JOJO,,2022-08-19 22:42:00,2022-08-19 23:10:00,formula,bottle,60.0,,
503,1,JOJO,,2022-08-19 19:30:00,2022-08-19 19:36:00,breast milk,right breast,,,
502,1,JOJO,,2022-08-19 18:38:00,2022-08-19 19:00:00,breast milk,bottle,90.0,,
501,1,JOJO,,2022-08-19 15:40:00,2022-08-19 15:41:00,formula,bottle,120.0,,
500,1,JOJO,,2022-08-19 13:15:00,2022-08-19 13:19:00,formula,bottle,80.0,,
499,1,JOJO,,2022-08-19 12:56:00,2022-08-19 12:56:00,breast milk,right breast,,,
498,1,JOJO,,2022-08-19 10:23:00,2022-08-19 11:00:00,breast milk,bottle,120.0,,
497,1,JOJO,,2022-08-19 06:47:00,2022-08-19 06:59:00,formula,bottle,150.0,,
496,1,JOJO,,2022-08-19 03:30:00,2022-08-19 03:45:00,formula,bottle,90.0,,
495,1,JOJO,,2022-08-19 02:08:00,2022-08-19 02:09:00,breast milk,left breast,,,
494,1,JOJO,,2022-08-19 00:17:00,2022-08-19 00:18:00,breast milk,right breast,,,
493,1,JOJO,,2022-08-18 21:20:00,2022-08-18 21:22:00,formula,bottle,90.0,,
492,1,JOJO,,2022-08-18 18:06:00,2022-08-18 20:17:00,formula,bottle,90.0,,
491,1,JOJO,,2022-08-18 16:14:00,2022-08-18 16:29:00,breast milk,right breast,,,
490,1,JOJO,,2022-08-18 13:45:00,2022-08-18 13:55:00,breast milk,bottle,100.0,,
489,1,JOJO,,2022-08-18 10:36:00,2022-08-18 10:39:00,formula,bottle,120.0,,
488,1,JOJO,,2022-08-18 08:14:00,2022-08-18 08:16:00,breast milk,bottle,130.0,,
485,1,JOJO,,2022-08-18 06:41:00,2022-08-18 06:42:00,breast milk,right breast,,,
484,1,JOJO,,2022-08-18 04:03:00,2022-08-18 04:04:00,breast milk,left breast,,,
483,1,JOJO,,2022-08-18 02:00:00,2022-08-18 02:25:00,breast milk,both breasts,,,
482,1,JOJO,,2022-08-17 22:28:00,2022-08-17 22:50:00,formula,bottle,70.0,,
481,1,JOJO,,2022-08-17 19:04:00,2022-08-17 19:04:00,formula,bottle,80.0,,
480,1,JOJO,,2022-08-17 16:39:00,2022-08-17 16:39:00,breast milk,bottle,90.0,,
479,1,JOJO,,2022-08-17 13:20:00,2022-08-17 13:45:00,formula,bottle,120.0,,
478,1,JOJO,,2022-08-17 10:20:00,2022-08-17 10:26:00,breast milk,bottle,120.0,,
477,1,JOJO,,2022-08-17 06:51:00,2022-08-17 07:18:00,formula,bottle,120.0,,
476,1,JOJO,,2022-08-17 04:24:00,2022-08-17 04:26:00,breast milk,left breast,,,
474,1,JOJO,,2022-08-17 02:10:00,2022-08-17 02:11:00,formula,bottle,80.0,,
473,1,JOJO,,2022-08-16 23:42:00,2022-08-16 23:43:00,breast milk,left breast,,,
472,1,JOJO,,2022-08-16 22:26:00,2022-08-16 22:27:00,breast milk,left breast,,,
471,1,JOJO,,2022-08-16 20:48:00,2022-08-16 21:03:00,breast milk,right breast,,,
470,1,JOJO,,2022-08-16 18:28:00,2022-08-16 19:00:00,breast milk,bottle,30.0,,
469,1,JOJO,,2022-08-16 18:17:00,2022-08-16 18:18:00,breast milk,right breast,,,
468,1,JOJO,,2022-08-16 15:05:00,2022-08-16 15:06:00,formula,bottle,110.0,,
467,1,JOJO,,2022-08-16 12:24:00,2022-08-16 12:46:00,breast milk,bottle,140.0,,
466,1,JOJO,,2022-08-16 09:14:00,2022-08-16 09:20:00,formula,bottle,150.0,,
465,1,JOJO,,2022-08-16 03:15:00,2022-08-16 03:31:00,formula,bottle,70.0,,
464,1,JOJO,,2022-08-16 00:44:00,2022-08-16 00:44:00,breast milk,right breast,,,
463,1,JOJO,,2022-08-15 22:40:00,2022-08-15 22:58:00,formula,bottle,80.0,,
462,1,JOJO,,2022-08-15 18:15:00,2022-08-15 18:29:00,breast milk,bottle,120.0,,
461,1,JOJO,,2022-08-15 15:05:00,2022-08-15 15:30:00,breast milk,bottle,110.0,,
460,1,JOJO,,2022-08-15 12:18:00,2022-08-15 12:22:00,breast milk,bottle,90.0,,
459,1,JOJO,,2022-08-15 09:05:00,2022-08-15 09:30:00,formula,bottle,120.0,,
458,1,JOJO,,2022-08-15 06:55:00,2022-08-15 06:57:00,breast milk,left breast,,,
457,1,JOJO,,2022-08-15 05:45:00,2022-08-15 05:46:00,breast milk,right breast,,,
456,1,JOJO,,2022-08-15 03:02:00,2022-08-15 03:02:00,breast milk,right breast,,,
455,1,JOJO,,2022-08-15 00:50:00,2022-08-15 01:10:00,formula,bottle,90.0,,
454,1,JOJO,,2022-08-14 21:50:00,2022-08-14 22:20:00,formula,bottle,60.0,,
453,1,JOJO,,2022-08-14 19:20:00,2022-08-14 19:50:00,breast milk,bottle,90.0,,
452,1,JOJO,,2022-08-14 17:20:00,2022-08-14 17:50:00,breast milk,bottle,70.0,,
451,1,JOJO,,2022-08-14 14:34:00,2022-08-14 15:00:00,breast milk,bottle,90.0,,
450,1,JOJO,,2022-08-14 13:55:00,2022-08-14 13:56:00,breast milk,right breast,,,
449,1,JOJO,,2022-08-14 10:40:00,2022-08-14 11:00:00,formula,bottle,120.0,,
448,1,JOJO,,2022-08-14 09:06:00,2022-08-14 09:06:00,formula,bottle,70.0,,
447,1,JOJO,,2022-08-14 07:40:00,2022-08-14 07:40:00,breast milk,left breast,,,
446,1,JOJO,,2022-08-14 05:12:00,2022-08-14 05:13:00,breast milk,right breast,,,
445,1,JOJO,,2022-08-14 03:15:00,2022-08-14 03:30:00,formula,bottle,60.0,,
444,1,JOJO,,2022-08-14 00:40:00,2022-08-14 01:06:00,breast milk,both breasts,,,
443,1,JOJO,,2022-08-13 22:14:00,2022-08-13 22:29:00,formula,bottle,90.0,,
442,1,JOJO,,2022-08-13 19:34:00,2022-08-13 19:34:00,breast milk,right breast,,,
441,1,JOJO,,2022-08-13 18:15:00,2022-08-13 18:35:00,formula,bottle,80.0,,
440,1,JOJO,,2022-08-13 16:30:00,2022-08-13 16:45:00,breast milk,bottle,50.0,,
439,1,JOJO,,2022-08-13 15:57:00,2022-08-13 15:57:00,breast milk,right breast,,,
438,1,JOJO,,2022-08-13 13:30:00,2022-08-13 13:30:00,breast milk,bottle,120.0,,
437,1,JOJO,,2022-08-13 11:30:00,2022-08-13 11:38:00,breast milk,both breasts,,,
436,1,JOJO,,2022-08-13 11:28:00,2022-08-13 11:28:00,breast milk,bottle,,,
435,1,JOJO,,2022-08-13 08:47:00,2022-08-13 08:47:00,formula,bottle,120.0,,
434,1,JOJO,,2022-08-13 05:20:00,2022-08-13 05:20:00,breast milk,left breast,,,
433,1,JOJO,,2022-08-13 01:42:00,2022-08-13 01:42:00,breast milk,right breast,,,
432,1,JOJO,,2022-08-12 23:16:00,2022-08-12 23:35:00,formula,bottle,90.0,,
431,1,JOJO,,2022-08-12 19:16:00,2022-08-12 19:17:00,breast milk,right breast,,,
430,1,JOJO,,2022-08-12 17:30:00,2022-08-12 18:00:00,formula,bottle,100.0,,
429,1,JOJO,,2022-08-12 16:30:00,2022-08-12 16:30:00,breast milk,left breast,,,
428,1,JOJO,,2022-08-12 13:58:00,2022-08-12 14:00:00,formula,bottle,90.0,,
427,1,JOJO,,2022-08-12 12:00:00,2022-08-12 12:34:00,breast milk,bottle,50.0,,
426,1,JOJO,,2022-08-12 10:45:00,2022-08-12 10:46:00,breast milk,right breast,,,
425,1,JOJO,,2022-08-12 08:04:00,2022-08-12 08:32:00,breast milk,bottle,120.0,,
424,1,JOJO,,2022-08-12 05:07:00,2022-08-12 05:07:00,breast milk,right breast,,,
423,1,JOJO,,2022-08-12 02:39:00,2022-08-12 02:57:00,breast milk,left breast,,,
422,1,JOJO,,2022-08-11 23:27:00,2022-08-11 23:53:00,formula,bottle,80.0,,
421,1,JOJO,,2022-08-11 20:55:00,2022-08-11 21:11:00,formula,bottle,40.0,,
420,1,JOJO,,2022-08-11 18:41:00,2022-08-11 19:00:00,breast milk,bottle,90.0,,
419,1,JOJO,,2022-08-11 18:37:00,2022-08-11 18:38:00,breast milk,left breast,,,
418,1,JOJO,,2022-08-11 16:06:00,2022-08-11 16:36:00,breast milk,bottle,130.0,,
417,1,JOJO,,2022-08-11 13:00:00,2022-08-11 13:09:00,formula,bottle,150.0,,
416,1,JOJO,,2022-08-11 10:00:00,2022-08-11 10:00:00,breast milk,bottle,150.0,,
415,1,JOJO,,2022-08-11 06:34:00,2022-08-11 06:34:00,formula,bottle,120.0,,
414,1,JOJO,,2022-08-11 04:56:00,2022-08-11 04:56:00,breast milk,right breast,,,
413,1,JOJO,,2022-08-11 04:02:00,2022-08-11 04:03:00,breast milk,right breast,,,
412,1,JOJO,,2022-08-11 02:05:00,2022-08-11 02:05:00,breast milk,left breast,,,
411,1,JOJO,,2022-08-10 21:50:00,2022-08-10 21:50:00,breast milk,right breast,,,
410,1,JOJO,,2022-08-10 21:22:00,2022-08-10 21:22:00,formula,bottle,60.0,,
409,1,JOJO,,2022-08-10 19:29:00,2022-08-10 19:29:00,breast milk,left breast,,,
408,1,JOJO,,2022-08-10 19:09:00,2022-08-10 19:22:00,breast milk,right breast,,,
407,1,JOJO,,2022-08-10 17:04:00,2022-08-10 17:04:00,formula,bottle,120.0,,
406,1,JOJO,,2022-08-10 14:28:00,2022-08-10 14:29:00,breast milk,bottle,100.0,,
405,1,JOJO,,2022-08-10 11:42:00,2022-08-10 11:44:00,breast milk,bottle,130.0,,
404,1,JOJO,,2022-08-10 08:33:00,2022-08-10 09:00:00,formula,bottle,120.0,,
403,1,JOJO,,2022-08-10 06:37:00,2022-08-10 06:38:00,breast milk,left breast,,,
402,1,JOJO,,2022-08-10 05:07:00,2022-08-10 05:07:00,breast milk,right breast,,,
401,1,JOJO,,2022-08-10 01:29:00,2022-08-10 01:37:00,breast milk,left breast,,,
400,1,JOJO,,2022-08-09 23:04:00,2022-08-09 23:30:00,formula,bottle,70.0,,
399,1,JOJO,,2022-08-09 20:22:00,2022-08-09 20:26:00,breast milk,left breast,,,
398,1,JOJO,,2022-08-09 19:45:00,2022-08-09 19:46:00,formula,bottle,20.0,,
397,1,JOJO,,2022-08-09 18:34:00,2022-08-09 18:37:00,breast milk,bottle,90.0,,
396,1,JOJO,,2022-08-09 16:04:00,2022-08-09 16:30:00,formula,bottle,110.0,,
395,1,JOJO,,2022-08-09 13:00:00,2022-08-09 13:00:00,breast milk,bottle,110.0,,
394,1,JOJO,,2022-08-09 11:21:00,2022-08-09 11:22:00,breast milk,right breast,,,
393,1,JOJO,,2022-08-09 10:20:00,2022-08-09 10:37:00,breast milk,right breast,,,
392,1,JOJO,,2022-08-09 06:54:00,2022-08-09 06:57:00,formula,bottle,120.0,,
391,1,JOJO,,2022-08-09 05:24:00,2022-08-09 05:24:00,breast milk,right breast,,,
390,1,JOJO,,2022-08-09 04:58:00,2022-08-09 04:58:00,breast milk,right breast,,,
389,1,JOJO,,2022-08-09 03:40:00,2022-08-09 03:50:00,breast milk,left breast,,,
388,1,JOJO,,2022-08-09 00:16:00,2022-08-09 00:31:00,breast milk,bottle,100.0,,
387,1,JOJO,,2022-08-09 00:02:00,2022-08-09 00:11:00,breast milk,right breast,,,
386,1,JOJO,,2022-08-08 19:38:00,2022-08-08 19:39:00,breast milk,bottle,,,
385,1,JOJO,,2022-08-08 18:00:00,2022-08-08 18:01:00,breast milk,right breast,,,
384,1,JOJO,,2022-08-08 16:30:00,2022-08-08 16:50:00,breast milk,bottle,90.0,,
383,1,JOJO,,2022-08-08 13:20:00,2022-08-08 13:42:00,formula,bottle,90.0,,
382,1,JOJO,,2022-08-08 11:58:00,2022-08-08 11:58:00,breast milk,right breast,,,
381,1,JOJO,,2022-08-08 08:15:00,2022-08-08 08:24:00,formula,bottle,120.0,,
380,1,JOJO,,2022-08-08 05:37:00,2022-08-08 05:43:00,breast milk,left breast,,,
379,1,JOJO,,2022-08-08 04:12:00,2022-08-08 04:23:00,breast milk,right breast,,,
378,1,JOJO,,2022-08-07 23:35:00,2022-08-07 23:53:00,formula,bottle,140.0,,
377,1,JOJO,,2022-08-07 20:30:00,2022-08-07 21:00:00,formula,bottle,,,
376,1,JOJO,,2022-08-07 18:08:00,2022-08-07 18:09:00,breast milk,left breast,,,
375,1,JOJO,,2022-08-07 15:19:00,2022-08-07 15:43:00,breast milk,bottle,120.0,,
374,1,JOJO,,2022-08-07 12:35:00,2022-08-07 12:38:00,breast milk,right breast,,,
373,1,JOJO,,2022-08-07 12:34:00,2022-08-07 12:34:00,breast milk,right breast,,,
371,1,JOJO,,2022-08-07 10:30:00,2022-08-07 11:00:00,breast milk,bottle,110.0,,
372,1,JOJO,,2022-08-07 10:18:00,2022-08-07 10:27:00,breast milk,right breast,,,
370,1,JOJO,,2022-08-07 07:25:00,2022-08-07 07:25:00,breast milk,bottle,110.0,,
369,1,JOJO,,2022-08-07 05:05:00,2022-08-07 05:07:00,breast milk,left breast,,,
368,1,JOJO,,2022-08-07 02:22:00,2022-08-07 02:35:00,breast milk,right breast,,,
367,1,JOJO,,2022-08-06 23:45:00,2022-08-06 23:45:00,formula,bottle,80.0,,
366,1,JOJO,,2022-08-06 20:07:00,2022-08-06 20:07:00,breast milk,both breasts,,,
365,1,JOJO,,2022-08-06 17:30:00,2022-08-06 17:34:00,formula,bottle,120.0,,
364,1,JOJO,,2022-08-06 15:05:00,2022-08-06 15:32:00,formula,bottle,90.0,,
363,1,JOJO,,2022-08-06 12:03:00,2022-08-06 12:03:00,formula,bottle,120.0,,
362,1,JOJO,,2022-08-06 10:17:00,2022-08-06 10:40:00,breast milk,right breast,,,
361,1,JOJO,,2022-08-06 07:20:00,2022-08-06 07:50:00,breast milk,bottle,130.0,,
360,1,JOJO,,2022-08-06 06:04:00,2022-08-06 06:05:00,breast milk,left breast,,,
359,1,JOJO,,2022-08-06 04:10:00,2022-08-06 04:13:00,formula,bottle,90.0,,
358,1,JOJO,,2022-08-06 03:00:00,2022-08-06 03:10:00,breast milk,left breast,,,
357,1,JOJO,,2022-08-06 01:37:00,2022-08-06 01:55:00,breast milk,right breast,,,
356,1,JOJO,,2022-08-05 22:19:00,2022-08-05 22:22:00,formula,bottle,60.0,,
355,1,JOJO,,2022-08-05 20:43:00,2022-08-05 20:55:00,breast milk,right breast,,,
354,1,JOJO,,2022-08-05 18:00:00,2022-08-05 18:00:00,formula,bottle,130.0,,
353,1,JOJO,,2022-08-05 15:06:00,2022-08-05 15:06:00,formula,bottle,130.0,,
352,1,JOJO,,2022-08-05 11:00:00,2022-08-05 11:09:00,breast milk,bottle,120.0,,
351,1,JOJO,,2022-08-05 08:13:00,2022-08-05 08:14:00,formula,bottle,120.0,,
350,1,JOJO,,2022-08-05 05:00:00,2022-08-05 05:00:00,breast milk,right breast,,,
349,1,JOJO,,2022-08-05 01:26:00,2022-08-05 01:26:00,breast milk,right breast,,,
348,1,JOJO,,2022-08-04 23:25:00,2022-08-04 23:45:00,breast milk,left breast,,,
347,1,JOJO,,2022-08-04 22:42:00,2022-08-04 22:43:00,breast milk,left breast,,,
346,1,JOJO,,2022-08-04 20:30:00,2022-08-04 20:51:00,breast milk,right breast,,,
345,1,JOJO,,2022-08-04 20:01:00,2022-08-04 20:01:00,breast milk,bottle,70.0,,
344,1,JOJO,,2022-08-04 17:45:00,2022-08-04 17:45:00,breast milk,bottle,120.0,,
343,1,JOJO,,2022-08-04 15:15:00,2022-08-04 15:30:00,formula,bottle,130.0,,
342,1,JOJO,,2022-08-04 11:23:00,2022-08-04 11:23:00,formula,bottle,120.0,,
341,1,JOJO,,2022-08-04 08:54:00,2022-08-04 08:54:00,breast milk,bottle,160.0,,
340,1,JOJO,,2022-08-04 06:45:00,2022-08-04 06:47:00,breast milk,right breast,,,
339,1,JOJO,,2022-08-04 03:55:00,2022-08-04 04:07:00,breast milk,left breast,,,
338,1,JOJO,,2022-08-04 01:18:00,2022-08-04 01:19:00,breast milk,right breast,,,
337,1,JOJO,,2022-08-03 23:27:00,2022-08-03 23:29:00,breast milk,right breast,,,
336,1,JOJO,,2022-08-03 20:49:00,2022-08-03 20:50:00,breast milk,right breast,,,
335,1,JOJO,,2022-08-03 19:22:00,2022-08-03 19:24:00,formula,bottle,60.0,,
334,1,JOJO,,2022-08-03 17:00:00,2022-08-03 17:30:00,breast milk,bottle,130.0,,
333,1,JOJO,,2022-08-03 16:39:00,2022-08-03 16:39:00,breast milk,right breast,,,
332,1,JOJO,,2022-08-03 13:30:00,2022-08-03 14:10:00,formula,bottle,130.0,,
331,1,JOJO,,2022-08-03 11:05:00,2022-08-03 11:08:00,formula,bottle,80.0,,
330,1,JOJO,,2022-08-03 10:25:00,2022-08-03 10:33:00,breast milk,right breast,,,
329,1,JOJO,,2022-08-03 07:13:00,2022-08-03 07:14:00,formula,bottle,100.0,,
328,1,JOJO,,2022-08-03 03:46:00,2022-08-03 03:50:00,breast milk,left breast,,,
327,1,JOJO,,2022-08-03 02:12:00,2022-08-03 02:12:00,breast milk,left breast,,,
326,1,JOJO,,2022-08-03 00:11:00,2022-08-03 00:12:00,breast milk,right breast,,,
325,1,JOJO,,2022-08-02 21:42:00,2022-08-02 21:43:00,breast milk,right breast,,,
324,1,JOJO,,2022-08-02 20:45:00,2022-08-02 20:56:00,breast milk,left breast,,,
323,1,JOJO,,2022-08-02 18:28:00,2022-08-02 18:28:00,formula,bottle,30.0,,
322,1,JOJO,,2022-08-02 16:40:00,2022-08-02 17:07:00,formula,bottle,90.0,,
321,1,JOJO,,2022-08-02 13:15:00,2022-08-02 13:28:00,breast milk,bottle,90.0,,
320,1,JOJO,,2022-08-02 11:00:00,2022-08-02 11:02:00,breast milk,bottle,120.0,,
319,1,JOJO,,2022-08-02 08:15:00,2022-08-02 08:19:00,breast milk,bottle,,,
318,1,JOJO,,2022-08-02 05:47:00,2022-08-02 06:02:00,breast milk,bottle,,,
317,1,JOJO,,2022-08-02 04:03:00,2022-08-02 04:04:00,breast milk,left breast,,,
316,1,JOJO,,2022-08-02 02:34:00,2022-08-02 02:34:00,breast milk,left breast,,,
314,1,JOJO,,2022-08-01 23:14:00,2022-08-01 23:14:00,breast milk,right breast,,,
313,1,JOJO,,2022-08-01 20:57:00,2022-08-01 20:58:00,breast milk,right breast,,,
312,1,JOJO,,2022-08-01 18:11:00,2022-08-01 18:11:00,formula,bottle,90.0,,
311,1,JOJO,,2022-08-01 16:00:00,2022-08-01 16:10:00,formula,bottle,70.0,,
310,1,JOJO,,2022-08-01 13:18:00,2022-08-01 13:18:00,breast milk,bottle,130.0,,
309,1,JOJO,,2022-08-01 09:45:00,2022-08-01 09:53:00,breast milk,bottle,150.0,,
308,1,JOJO,,2022-08-01 07:11:00,2022-08-01 07:11:00,formula,bottle,120.0,,
307,1,JOJO,,2022-08-01 05:05:00,2022-08-01 05:10:00,breast milk,left breast,,,
306,1,JOJO,,2022-07-31 20:41:00,2022-07-31 20:50:00,breast milk,right breast,,,
305,1,JOJO,,2022-07-31 17:53:00,2022-07-31 18:10:00,formula,bottle,120.0,,
304,1,JOJO,,2022-07-31 14:45:00,2022-07-31 14:46:00,formula,bottle,120.0,,
303,1,JOJO,,2022-07-31 11:55:00,2022-07-31 12:25:00,formula,bottle,120.0,,
302,1,JOJO,,2022-07-31 09:32:00,2022-07-31 09:58:00,formula,bottle,100.0,,
301,1,JOJO,,2022-07-31 05:23:00,2022-07-31 05:23:00,breast milk,left breast,,,
300,1,JOJO,,2022-07-31 04:00:00,2022-07-31 04:00:00,breast milk,left breast,,,
299,1,JOJO,,2022-07-31 00:15:00,2022-07-31 00:15:00,breast milk,right breast,,,
298,1,JOJO,,2022-07-30 21:20:00,2022-07-30 21:45:00,formula,bottle,90.0,,
297,1,JOJO,,2022-07-30 19:18:00,2022-07-30 19:28:00,breast milk,bottle,40.0,,
296,1,JOJO,,2022-07-30 17:40:00,2022-07-30 17:40:00,breast milk,bottle,90.0,,
295,1,JOJO,,2022-07-30 16:49:00,2022-07-30 16:56:00,breast milk,right breast,,,
294,1,JOJO,,2022-07-30 13:55:00,2022-07-30 13:55:00,breast milk,bottle,150.0,,
293,1,JOJO,,2022-07-30 10:45:00,2022-07-30 10:45:00,formula,bottle,120.0,,
292,1,JOJO,,2022-07-30 08:49:00,2022-07-30 08:49:00,breast milk,both breasts,,,
291,1,JOJO,,2022-07-30 06:41:00,2022-07-30 06:41:00,breast milk,bottle,120.0,,
290,1,JOJO,,2022-07-30 05:21:00,2022-07-30 05:22:00,breast milk,right breast,,,
289,1,JOJO,,2022-07-29 21:53:00,2022-07-29 22:17:00,formula,bottle,90.0,,
288,1,JOJO,,2022-07-29 18:25:00,2022-07-29 19:18:00,breast milk,bottle,120.0,,
287,1,JOJO,,2022-07-29 12:32:00,2022-07-29 12:59:00,breast milk,bottle,130.0,,
286,1,JOJO,,2022-07-29 09:40:00,2022-07-29 10:26:00,formula,bottle,150.0,,
285,1,JOJO,,2022-07-29 08:15:00,2022-07-29 08:17:00,breast milk,left breast,,,
284,1,JOJO,,2022-07-29 04:58:00,2022-07-29 04:58:00,breast milk,right breast,,,
283,1,JOJO,,2022-07-29 02:24:00,2022-07-29 02:26:00,breast milk,right breast,,,
282,1,JOJO,,2022-07-29 00:30:00,2022-07-29 00:38:00,breast milk,left breast,,,
281,1,JOJO,,2022-07-28 19:40:00,2022-07-28 19:51:00,formula,bottle,120.0,,
280,1,JOJO,,2022-07-28 17:42:00,2022-07-28 18:24:00,breast milk,both breasts,,,
279,1,JOJO,,2022-07-28 14:30:00,2022-07-28 14:45:00,breast milk,bottle,120.0,,
278,1,JOJO,,2022-07-28 12:27:00,2022-07-28 12:34:00,breast milk,bottle,70.0,,
277,1,JOJO,,2022-07-28 07:34:00,2022-07-28 07:38:00,formula,bottle,120.0,,
276,1,JOJO,,2022-07-28 01:11:00,2022-07-28 01:17:00,breast milk,right breast,,,
275,1,JOJO,,2022-07-27 22:07:00,2022-07-27 22:09:00,breast milk,bottle,110.0,,
274,1,JOJO,,2022-07-27 18:50:00,2022-07-27 19:00:00,breast milk,bottle,150.0,,
273,1,JOJO,,2022-07-27 16:38:00,2022-07-27 16:38:00,breast milk,right breast,,,
272,1,JOJO,,2022-07-27 13:35:00,2022-07-27 13:48:00,breast milk,bottle,130.0,,
271,1,JOJO,,2022-07-27 10:36:00,2022-07-27 10:48:00,breast milk,bottle,140.0,,
270,1,JOJO,,2022-07-27 08:36:00,2022-07-27 08:49:00,breast milk,left breast,,,
269,1,JOJO,,2022-07-27 07:11:00,2022-07-27 07:11:00,breast milk,right breast,,,
268,1,JOJO,,2022-07-27 04:36:00,2022-07-27 04:50:00,formula,bottle,80.0,,
267,1,JOJO,,2022-07-27 01:50:00,2022-07-27 02:04:00,formula,bottle,70.0,,
266,1,JOJO,,2022-07-26 23:10:00,2022-07-26 23:20:00,breast milk,bottle,80.0,,
265,1,JOJO,,2022-07-26 20:18:00,2022-07-26 20:20:00,formula,bottle,50.0,,
264,1,JOJO,,2022-07-26 18:40:00,2022-07-26 19:03:00,formula,bottle,100.0,,
263,1,JOJO,,2022-07-26 16:24:00,2022-07-26 16:26:00,breast milk,left breast,,,
262,1,JOJO,,2022-07-26 14:40:00,2022-07-26 14:54:00,breast milk,bottle,120.0,,
261,1,JOJO,,2022-07-26 12:04:00,2022-07-26 12:04:00,breast milk,bottle,110.0,,
260,1,JOJO,,2022-07-26 09:37:00,2022-07-26 09:42:00,formula,bottle,120.0,,
259,1,JOJO,,2022-07-26 07:36:00,2022-07-26 08:04:00,breast milk,left breast,,,
258,1,JOJO,,2022-07-26 00:32:00,2022-07-26 00:33:00,breast milk,right breast,,,
257,1,JOJO,,2022-07-25 22:00:00,2022-07-25 22:06:00,formula,bottle,70.0,,
256,1,JOJO,,2022-07-25 18:53:00,2022-07-25 18:53:00,breast milk,bottle,110.0,,
255,1,JOJO,,2022-07-25 17:46:00,2022-07-25 17:46:00,breast milk,right breast,,,
254,1,JOJO,,2022-07-25 16:10:00,2022-07-25 16:30:00,formula,bottle,100.0,,
253,1,JOJO,,2022-07-25 11:50:00,2022-07-25 11:52:00,formula,bottle,120.0,,
252,1,JOJO,,2022-07-25 09:24:00,2022-07-25 09:24:00,breast milk,bottle,110.0,,
251,1,JOJO,,2022-07-25 07:20:00,2022-07-25 07:21:00,breast milk,right breast,,,
250,1,JOJO,,2022-07-25 04:26:00,2022-07-25 04:44:00,breast milk,right breast,,,
249,1,JOJO,,2022-07-25 04:18:00,2022-07-25 04:19:00,breast milk,left breast,,,
248,1,JOJO,,2022-07-24 23:45:00,2022-07-24 23:48:00,breast milk,right breast,,,
247,1,JOJO,,2022-07-24 20:26:00,2022-07-24 20:26:00,formula,bottle,100.0,,
246,1,JOJO,,2022-07-24 18:25:00,2022-07-24 18:45:00,breast milk,bottle,110.0,,
245,1,JOJO,,2022-07-24 15:28:00,2022-07-24 15:30:00,breast milk,bottle,110.0,,
244,1,JOJO,,2022-07-24 11:14:00,2022-07-24 11:14:00,breast milk,bottle,110.0,,
243,1,JOJO,,2022-07-24 08:36:00,2022-07-24 08:36:00,formula,bottle,,,
242,1,JOJO,,2022-07-24 08:15:00,2022-07-24 08:18:00,breast milk,left breast,,,
241,1,JOJO,,2022-07-24 05:54:00,2022-07-24 05:54:00,breast milk,right breast,,,
240,1,JOJO,,2022-07-24 05:43:00,2022-07-24 05:44:00,breast milk,left breast,,,
239,1,JOJO,,2022-07-24 01:50:00,2022-07-24 02:10:00,breast milk,right breast,,,
238,1,JOJO,,2022-07-23 22:05:00,2022-07-23 22:17:00,formula,bottle,60.0,,
237,1,JOJO,,2022-07-23 20:08:00,2022-07-23 20:10:00,formula,bottle,90.0,,
236,1,JOJO,,2022-07-23 18:43:00,2022-07-23 19:00:00,breast milk,bottle,90.0,,
235,1,JOJO,,2022-07-23 18:13:00,2022-07-23 18:14:00,breast milk,left breast,,,
234,1,JOJO,,2022-07-23 16:07:00,2022-07-23 16:20:00,breast milk,bottle,110.0,,
233,1,JOJO,,2022-07-23 14:11:00,2022-07-23 14:11:00,breast milk,left breast,,,
232,1,JOJO,,2022-07-23 12:00:00,2022-07-23 12:00:00,formula,bottle,120.0,,
231,1,JOJO,,2022-07-23 10:00:00,2022-07-23 10:27:00,formula,bottle,90.0,,
230,1,JOJO,,2022-07-23 08:46:00,2022-07-23 08:46:00,breast milk,right breast,,,
229,1,JOJO,,2022-07-23 07:27:00,2022-07-23 07:27:00,breast milk,bottle,60.0,,
228,1,JOJO,,2022-07-23 05:30:00,2022-07-23 05:30:00,breast milk,right breast,,,
227,1,JOJO,,2022-07-23 05:00:00,2022-07-23 05:00:00,breast milk,left breast,,,
226,1,JOJO,,2022-07-23 03:30:00,2022-07-23 03:30:00,breast milk,left breast,,,
225,1,JOJO,,2022-07-23 01:35:00,2022-07-23 01:50:00,breast milk,left breast,,,
224,1,JOJO,,2022-07-23 00:04:00,2022-07-23 00:04:00,breast milk,right breast,,,
223,1,JOJO,,2022-07-22 20:06:00,2022-07-22 20:06:00,breast milk,right breast,,,
222,1,JOJO,,2022-07-22 19:07:00,2022-07-22 19:07:00,formula,bottle,80.0,,
221,1,JOJO,,2022-07-22 18:46:00,2022-07-22 18:46:00,breast milk,right breast,,,
220,1,JOJO,,2022-07-22 16:14:00,2022-07-22 16:15:00,breast milk,bottle,70.0,,
219,1,JOJO,,2022-07-22 14:15:00,2022-07-22 14:26:00,breast milk,bottle,70.0,,
218,1,JOJO,,2022-07-22 13:46:00,2022-07-22 13:51:00,breast milk,right breast,,,
217,1,JOJO,,2022-07-22 13:26:00,2022-07-22 13:30:00,breast milk,left breast,,,
216,1,JOJO,,2022-07-22 11:25:00,2022-07-22 11:25:00,formula,bottle,90.0,,
215,1,JOJO,,2022-07-22 09:12:00,2022-07-22 09:25:00,breast milk,bottle,150.0,,
214,1,JOJO,,2022-07-22 06:38:00,2022-07-22 06:50:00,formula,bottle,90.0,,
213,1,JOJO,,2022-07-22 05:05:00,2022-07-22 05:05:00,breast milk,left breast,,,
211,1,JOJO,,2022-07-22 02:03:00,2022-07-22 02:03:00,breast milk,right breast,,,
212,1,JOJO,,2022-07-22 01:20:00,2022-07-22 01:50:00,breast milk,left breast,,,
210,1,JOJO,,2022-07-22 00:40:00,2022-07-22 00:55:00,breast milk,right breast,,,
209,1,JOJO,,2022-07-21 20:40:00,2022-07-21 20:42:00,formula,bottle,90.0,,
208,1,JOJO,,2022-07-21 20:13:00,2022-07-21 20:13:00,breast milk,left breast,,,
207,1,JOJO,,2022-07-21 19:55:00,2022-07-21 19:57:00,breast milk,right breast,,,
206,1,JOJO,,2022-07-21 17:42:00,2022-07-21 17:43:00,breast milk,bottle,80.0,,
205,1,JOJO,,2022-07-21 17:05:00,2022-07-21 17:12:00,breast milk,left breast,,,
204,1,JOJO,,2022-07-21 14:54:00,2022-07-21 15:07:00,formula,bottle,120.0,,
203,1,JOJO,,2022-07-21 12:46:00,2022-07-21 13:00:00,breast milk,bottle,120.0,,
202,1,JOJO,,2022-07-21 12:31:00,2022-07-21 12:35:00,breast milk,right breast,,,
200,1,JOJO,,2022-07-21 10:32:00,2022-07-21 10:32:00,breast milk,bottle,100.0,,
201,1,JOJO,,2022-07-21 10:25:00,2022-07-21 10:26:00,breast milk,bottle,100.0,,
199,1,JOJO,,2022-07-21 08:33:00,2022-07-21 08:50:00,breast milk,right breast,,,
198,1,JOJO,,2022-07-21 06:33:00,2022-07-21 06:47:00,formula,bottle,80.0,,
197,1,JOJO,,2022-07-21 05:32:00,2022-07-21 05:32:00,breast milk,right breast,,,
196,1,JOJO,,2022-07-21 00:46:00,2022-07-21 00:47:00,breast milk,right breast,,,
195,1,JOJO,,2022-07-21 00:23:00,2022-07-21 00:23:00,breast milk,left breast,,,
194,1,JOJO,,2022-07-20 20:30:00,2022-07-20 20:32:00,breast milk,left breast,,,
193,1,JOJO,,2022-07-20 20:05:00,2022-07-20 20:07:00,breast milk,right breast,,,
192,1,JOJO,,2022-07-20 17:56:00,2022-07-20 17:56:00,breast milk,bottle,120.0,,
191,1,JOJO,,2022-07-20 15:48:00,2022-07-20 15:49:00,breast milk,left breast,,,
190,1,JOJO,,2022-07-20 14:51:00,2022-07-20 14:56:00,breast milk,left breast,,,
189,1,JOJO,,2022-07-20 12:29:00,2022-07-20 12:34:00,breast milk,bottle,90.0,,
188,1,JOJO,,2022-07-20 08:21:00,2022-07-20 08:21:00,breast milk,right breast,,,
187,1,JOJO,,2022-07-20 04:43:00,2022-07-20 04:43:00,breast milk,right breast,,,
186,1,JOJO,,2022-07-20 03:25:00,2022-07-20 03:30:00,breast milk,right breast,,,
185,1,JOJO,,2022-07-20 01:17:00,2022-07-20 01:30:00,formula,bottle,80.0,,
184,1,JOJO,,2022-07-19 23:03:00,2022-07-19 23:07:00,breast milk,left breast,,,
183,1,JOJO,,2022-07-19 21:51:00,2022-07-19 21:52:00,formula,bottle,60.0,,
182,1,JOJO,,2022-07-19 20:48:00,2022-07-19 20:48:00,formula,bottle,90.0,,
181,1,JOJO,,2022-07-19 19:42:00,2022-07-19 19:47:00,breast milk,bottle,50.0,,
180,1,JOJO,,2022-07-19 18:47:00,2022-07-19 18:47:00,breast milk,left breast,,,
179,1,JOJO,,2022-07-19 17:59:00,2022-07-19 17:59:00,breast milk,left breast,,,
178,1,JOJO,,2022-07-19 16:44:00,2022-07-19 16:45:00,breast milk,right breast,,,
177,1,JOJO,,2022-07-19 14:57:00,2022-07-19 15:10:00,formula,bottle,90.0,,
176,1,JOJO,,2022-07-19 13:17:00,2022-07-19 13:17:00,breast milk,bottle,90.0,,
175,1,JOJO,,2022-07-19 12:54:00,2022-07-19 12:56:00,breast milk,right breast,,,
174,1,JOJO,,2022-07-19 11:14:00,2022-07-19 11:14:00,formula,bottle,90.0,,
173,1,JOJO,,2022-07-19 08:43:00,2022-07-19 08:54:00,breast milk,right breast,,,
172,1,JOJO,,2022-07-19 05:26:00,2022-07-19 05:27:00,breast milk,right breast,,,
171,1,JOJO,,2022-07-19 04:52:00,2022-07-19 04:52:00,breast milk,left breast,,,
170,1,JOJO,,2022-07-19 03:25:00,2022-07-19 03:25:00,breast milk,right breast,,,
169,1,JOJO,,2022-07-19 01:07:00,2022-07-19 01:23:00,breast milk,bottle,90.0,,
168,1,JOJO,,2022-07-19 00:50:00,2022-07-19 00:51:00,breast milk,left breast,,,
167,1,JOJO,,2022-07-19 00:26:00,2022-07-19 00:26:00,breast milk,right breast,,,
166,1,JOJO,,2022-07-18 21:11:00,2022-07-18 21:11:00,breast milk,both breasts,,,
165,1,JOJO,,2022-07-18 19:55:00,2022-07-18 19:55:00,formula,bottle,90.0,,
164,1,JOJO,,2022-07-18 18:10:00,2022-07-18 18:13:00,formula,bottle,90.0,,
163,1,JOJO,,2022-07-18 14:20:00,2022-07-18 14:38:00,breast milk,bottle,70.0,,
162,1,JOJO,,2022-07-18 10:00:00,2022-07-18 10:05:00,formula,bottle,120.0,,
161,1,JOJO,,2022-07-18 04:15:00,2022-07-18 04:32:00,breast milk,bottle,50.0,,
160,1,JOJO,,2022-07-18 03:15:00,2022-07-18 03:16:00,breast milk,right breast,,,
159,1,JOJO,,2022-07-18 02:27:00,2022-07-18 02:27:00,breast milk,right breast,,,
158,1,JOJO,,2022-07-18 00:04:00,2022-07-18 00:26:00,formula,bottle,120.0,,
157,1,JOJO,,2022-07-17 20:54:00,2022-07-17 20:54:00,formula,bottle,100.0,,
156,1,JOJO,,2022-07-17 19:20:00,2022-07-17 19:20:00,breast milk,right breast,,,
155,1,JOJO,,2022-07-17 18:05:00,2022-07-17 18:28:00,breast milk,left breast,,,
154,1,JOJO,,2022-07-17 16:01:00,2022-07-17 16:02:00,breast milk,bottle,90.0,,
153,1,JOJO,,2022-07-17 13:45:00,2022-07-17 14:04:00,breast milk,right breast,,,
152,1,JOJO,,2022-07-17 11:14:00,2022-07-17 11:14:00,breast milk,bottle,100.0,,
151,1,JOJO,,2022-07-17 06:00:00,2022-07-17 06:05:00,breast milk,left breast,,,
150,1,JOJO,,2022-07-17 02:27:00,2022-07-17 02:47:00,breast milk,bottle,100.0,,
149,1,JOJO,,2022-07-16 20:19:00,2022-07-16 20:19:00,breast milk,right breast,,,
148,1,JOJO,,2022-07-16 18:30:00,2022-07-16 18:55:00,breast milk,bottle,120.0,,
147,1,JOJO,,2022-07-16 16:20:00,2022-07-16 16:39:00,formula,bottle,120.0,,
146,1,JOJO,,2022-07-16 13:40:00,2022-07-16 13:47:00,formula,bottle,90.0,,
145,1,JOJO,,2022-07-16 09:10:00,2022-07-16 09:23:00,formula,bottle,90.0,,
144,1,JOJO,,2022-07-16 06:42:00,2022-07-16 06:42:00,breast milk,right breast,,,
143,1,JOJO,,2022-07-15 20:44:00,2022-07-15 20:44:00,breast milk,right breast,,,
142,1,JOJO,,2022-07-15 18:11:00,2022-07-15 18:11:00,formula,bottle,120.0,,
141,1,JOJO,,2022-07-15 14:05:00,2022-07-15 14:12:00,breast milk,right breast,,,
140,1,JOJO,,2022-07-15 13:15:00,2022-07-15 13:50:00,breast milk,left breast,,,
139,1,JOJO,,2022-07-15 11:17:00,2022-07-15 11:40:00,breast milk,bottle,120.0,,
138,1,JOJO,,2022-07-15 08:55:00,2022-07-15 08:55:00,formula,bottle,90.0,,
137,1,JOJO,,2022-07-15 05:51:00,2022-07-15 05:52:00,breast milk,left breast,,,
136,1,JOJO,,2022-07-15 03:55:00,2022-07-15 03:55:00,breast milk,right breast,,,
135,1,JOJO,,2022-07-15 01:44:00,2022-07-15 01:44:00,formula,bottle,60.0,,
134,1,JOJO,,2022-07-15 00:29:00,2022-07-15 00:29:00,breast milk,left breast,,,
133,1,JOJO,,2022-07-14 21:37:00,2022-07-14 21:37:00,breast milk,right breast,,,
132,1,JOJO,,2022-07-14 21:09:00,2022-07-14 21:09:00,breast milk,left breast,,,
131,1,JOJO,,2022-07-14 19:30:00,2022-07-14 19:47:00,breast milk,right breast,,,
130,1,JOJO,,2022-07-14 19:12:00,2022-07-14 19:20:00,breast milk,left breast,,,
129,1,JOJO,,2022-07-14 17:25:00,2022-07-14 17:50:00,breast milk,bottle,120.0,,
128,1,JOJO,,2022-07-14 15:10:00,2022-07-14 15:30:00,breast milk,left breast,,,
127,1,JOJO,,2022-07-14 11:50:00,2022-07-14 11:54:00,breast milk,right breast,,,
126,1,JOJO,,2022-07-14 07:53:00,2022-07-14 07:57:00,formula,bottle,90.0,,
125,1,JOJO,,2022-07-14 05:24:00,2022-07-14 05:29:00,breast milk,left breast,,,
124,1,JOJO,,2022-07-14 04:30:00,2022-07-14 04:35:00,breast milk,right breast,,,
123,1,JOJO,,2022-07-14 01:28:00,2022-07-14 01:28:00,breast milk,right breast,,,
121,1,JOJO,,2022-07-13 23:10:00,2022-07-13 23:33:00,formula,bottle,50.0,,
122,1,JOJO,,2022-07-13 23:00:00,2022-07-13 23:10:00,breast milk,left breast,,,
120,1,JOJO,,2022-07-13 20:30:00,2022-07-13 20:50:00,formula,bottle,90.0,,
119,1,JOJO,,2022-07-13 13:50:00,2022-07-13 14:15:00,breast milk,right breast,,,
118,1,JOJO,,2022-07-13 13:13:00,2022-07-13 13:13:00,breast milk,left breast,,,
117,1,JOJO,,2022-07-13 10:21:00,2022-07-13 10:21:00,formula,bottle,90.0,,
116,1,JOJO,,2022-07-13 09:00:00,2022-07-13 09:20:00,breast milk,right breast,,,
115,1,JOJO,,2022-07-13 06:35:00,2022-07-13 06:38:00,breast milk,left breast,,,
114,1,JOJO,,2022-07-13 03:29:00,2022-07-13 03:29:00,breast milk,right breast,,,
113,1,JOJO,,2022-07-12 22:20:00,2022-07-12 22:44:00,breast milk,left breast,,,
112,1,JOJO,,2022-07-12 21:34:00,2022-07-12 21:34:00,breast milk,right breast,,,
111,1,JOJO,,2022-07-12 18:53:00,2022-07-12 19:10:00,breast milk,left breast,,,
110,1,JOJO,,2022-07-12 18:10:00,2022-07-12 18:10:00,breast milk,both breasts,,,
109,1,JOJO,,2022-07-12 16:30:00,2022-07-12 17:05:00,formula,bottle,80.0,,
108,1,JOJO,,2022-07-12 13:26:00,2022-07-12 13:40:00,breast milk,bottle,120.0,,
107,1,JOJO,,2022-07-12 04:00:00,2022-07-12 04:21:00,formula,bottle,90.0,,
106,1,JOJO,,2022-07-12 03:40:00,2022-07-12 04:00:00,breast milk,both breasts,,,
105,1,JOJO,,2022-07-12 01:45:00,2022-07-12 02:15:00,breast milk,bottle,60.0,,
104,1,JOJO,,2022-07-11 21:13:00,2022-07-11 21:13:00,formula,bottle,30.0,,
103,1,JOJO,,2022-07-11 20:20:00,2022-07-11 21:07:00,formula,bottle,90.0,,
102,1,JOJO,,2022-07-11 17:52:00,2022-07-11 17:59:00,formula,bottle,90.0,,
101,1,JOJO,,2022-07-11 15:42:00,2022-07-11 15:42:00,formula,bottle,90.0,,
100,1,JOJO,,2022-07-11 04:00:00,2022-07-11 04:43:00,formula,bottle,80.0,,
99,1,JOJO,,2022-07-11 00:00:00,2022-07-11 00:51:00,formula,bottle,60.0,,
98,1,JOJO,,2022-07-10 23:00:00,2022-07-10 23:25:00,breast milk,both breasts,,,
97,1,JOJO,,2022-07-10 22:10:00,2022-07-10 22:24:00,breast milk,bottle,80.0,,
96,1,JOJO,,2022-07-10 21:51:00,2022-07-10 21:53:00,breast milk,both breasts,,,
95,1,JOJO,,2022-07-10 20:11:00,2022-07-10 20:12:00,formula,bottle,60.0,,
94,1,JOJO,,2022-07-10 18:33:00,2022-07-10 18:34:00,formula,bottle,90.0,,
93,1,JOJO,,2022-07-10 16:15:00,2022-07-10 16:32:00,breast milk,bottle,90.0,,
92,1,JOJO,,2022-07-10 15:00:00,2022-07-10 15:12:00,breast milk,both breasts,,,
91,1,JOJO,,2022-07-10 13:19:00,2022-07-10 13:20:00,breast milk,bottle,60.0,,
90,1,JOJO,,2022-07-10 11:23:00,2022-07-10 11:37:00,formula,bottle,60.0,,
89,1,JOJO,,2022-07-10 08:40:00,2022-07-10 08:49:00,breast milk,bottle,100.0,,
88,1,JOJO,,2022-07-10 06:10:00,2022-07-10 06:16:00,breast milk,bottle,110.0,,
87,1,JOJO,,2022-07-10 03:30:00,2022-07-10 03:44:00,breast milk,bottle,60.0,,
86,1,JOJO,,2022-07-10 01:00:00,2022-07-10 02:04:00,breast milk,bottle,100.0,,
85,1,JOJO,,2022-07-09 21:00:00,2022-07-09 21:19:00,formula,bottle,90.0,,
84,1,JOJO,,2022-07-09 18:19:00,2022-07-09 18:19:00,formula,bottle,90.0,,
83,1,JOJO,,2022-07-09 17:10:00,2022-07-09 17:10:00,breast milk,both breasts,0.0,,
82,1,JOJO,,2022-07-09 15:30:00,2022-07-09 15:53:00,breast milk,bottle,90.0,,
81,1,JOJO,,2022-07-09 13:24:00,2022-07-09 13:24:00,breast milk,bottle,90.0,,
80,1,JOJO,,2022-07-09 11:14:00,2022-07-09 11:15:00,formula,bottle,90.0,,
79,1,JOJO,,2022-07-09 08:32:00,2022-07-09 08:33:00,breast milk,bottle,60.0,,
78,1,JOJO,,2022-07-09 06:30:00,2022-07-09 06:40:00,breast milk,bottle,60.0,,
77,1,JOJO,,2022-07-09 03:50:00,2022-07-09 03:59:00,breast milk,bottle,100.0,,
76,1,JOJO,,2022-07-08 23:17:00,2022-07-08 23:35:00,breast milk,bottle,70.0,,
75,1,JOJO,,2022-07-08 20:29:00,2022-07-08 20:55:00,formula,bottle,90.0,,
74,1,JOJO,,2022-07-08 18:18:00,2022-07-08 18:26:00,breast milk,bottle,60.0,,
73,1,JOJO,,2022-07-08 15:25:00,2022-07-08 15:39:00,formula,bottle,60.0,,
72,1,JOJO,,2022-06-19 09:21:00,2022-06-19 09:21:00,formula,bottle,60.0,,
71,1,JOJO,,2022-06-16 08:15:00,2022-06-16 08:15:00,breast milk,bottle,40.0,,
70,1,JOJO,,2022-06-16 05:41:00,2022-06-16 05:41:00,formula,bottle,90.0,,
69,1,JOJO,,2022-06-15 22:04:00,2022-06-15 22:04:00,formula,bottle,60.0,,
68,1,JOJO,,2022-06-15 19:51:00,2022-06-15 19:51:00,formula,bottle,60.0,,
67,1,JOJO,,2022-06-15 18:09:00,2022-06-15 18:09:00,formula,bottle,60.0,,
66,1,JOJO,,2022-06-15 15:49:00,2022-06-15 15:49:00,formula,bottle,60.0,,
65,1,JOJO,,2022-06-15 13:01:00,2022-06-15 13:01:00,breast milk,bottle,50.0,,
64,1,JOJO,,2022-06-15 07:53:00,2022-06-15 07:53:00,formula,bottle,60.0,,
63,1,JOJO,,2022-06-15 04:20:00,2022-06-15 04:20:00,formula,bottle,90.0,,
62,1,JOJO,,2022-06-14 23:57:00,2022-06-14 23:57:00,formula,bottle,90.0,,
61,1,JOJO,,2022-06-14 21:50:00,2022-06-14 21:50:00,breast milk,bottle,40.0,,
60,1,JOJO,,2022-06-14 21:36:00,2022-06-14 21:36:00,formula,bottle,60.0,,
59,1,JOJO,,2022-06-14 18:23:00,2022-06-14 18:23:00,formula,bottle,60.0,,
58,1,JOJO,,2022-06-14 15:58:00,2022-06-14 15:58:00,breast milk,bottle,50.0,,
57,1,JOJO,,2022-06-14 10:30:00,2022-06-14 11:04:00,breast milk,bottle,40.0,,
56,1,JOJO,,2022-06-14 10:09:00,2022-06-14 10:09:00,formula,bottle,60.0,,
55,1,JOJO,,2022-06-13 20:47:00,2022-06-13 20:47:00,breast milk,bottle,40.0,,
54,1,JOJO,,2022-06-13 20:20:00,2022-06-13 20:20:00,formula,bottle,60.0,,
53,1,JOJO,,2022-06-13 17:49:00,2022-06-13 17:59:00,breast milk,bottle,40.0,,
52,1,JOJO,,2022-06-13 14:50:00,2022-06-13 14:50:00,formula,bottle,90.0,,
51,1,JOJO,,2022-06-13 13:00:00,2022-06-13 13:00:00,formula,bottle,60.0,,
50,1,JOJO,,2022-06-13 12:27:00,2022-06-13 12:27:00,breast milk,bottle,30.0,,
49,1,JOJO,,2022-06-13 05:04:00,2022-06-13 05:04:00,formula,bottle,60.0,,
48,1,JOJO,,2022-06-13 04:55:00,2022-06-13 04:55:00,breast milk,bottle,15.0,,
47,1,JOJO,,2022-06-13 01:03:00,2022-06-13 01:03:00,breast milk,bottle,20.0,,
46,1,JOJO,,2022-06-13 00:10:00,2022-06-13 00:24:00,formula,bottle,90.0,,
45,1,JOJO,,2022-06-12 21:16:00,2022-06-12 21:16:00,formula,bottle,60.0,,
44,1,JOJO,,2022-06-12 21:16:00,2022-06-12 21:16:00,breast milk,bottle,30.0,,
43,1,JOJO,,2022-06-12 19:10:00,2022-06-12 19:20:00,formula,bottle,90.0,,
42,1,JOJO,,2022-06-12 16:04:00,2022-06-12 16:04:00,formula,bottle,90.0,,
41,1,JOJO,,2022-06-12 10:40:00,2022-06-12 10:50:00,formula,bottle,60.0,,
40,1,JOJO,,2022-06-12 07:48:00,2022-06-12 07:48:00,formula,bottle,60.0,,
39,1,JOJO,,2022-06-12 07:42:00,2022-06-12 07:42:00,breast milk,bottle,25.0,,
38,1,JOJO,,2022-06-12 02:13:00,2022-06-12 02:13:00,formula,bottle,90.0,,
37,1,JOJO,,2022-06-11 22:23:00,2022-06-11 22:40:00,formula,bottle,60.0,,
36,1,JOJO,,2022-06-11 20:47:00,2022-06-11 20:47:00,formula,bottle,60.0,,
35,1,JOJO,,2022-06-11 20:30:00,2022-06-11 20:30:00,breast milk,bottle,30.0,,
34,1,JOJO,,2022-06-11 17:26:00,2022-06-11 18:02:00,formula,bottle,90.0,,
33,1,JOJO,,2022-06-11 13:16:00,2022-06-11 13:26:00,formula,bottle,90.0,,
32,1,JOJO,,2022-06-11 13:05:00,2022-06-11 13:16:00,breast milk,both breasts,,,
31,1,JOJO,,2022-06-11 09:10:00,2022-06-11 09:35:00,breast milk,both breasts,,,
29,1,JOJO,,2022-06-11 06:05:00,2022-06-11 06:08:00,formula,bottle,90.0,,
30,1,JOJO,,2022-06-11 04:08:00,2022-06-11 04:08:00,breast milk,bottle,15.0,,
28,1,JOJO,,2022-06-11 01:08:00,2022-06-11 01:25:00,formula,bottle,90.0,,
27,1,JOJO,,2022-06-10 19:35:00,2022-06-10 19:45:00,formula,bottle,90.0,,
26,1,JOJO,,2022-06-10 19:30:00,2022-06-10 19:35:00,breast milk,bottle,10.0,,
25,1,JOJO,,2022-06-10 18:35:00,2022-06-10 18:50:00,breast milk,both breasts,,,
23,1,JOJO,,2022-06-10 16:52:00,2022-06-10 16:52:00,formula,bottle,90.0,,
24,1,JOJO,,2022-06-10 14:02:00,2022-06-10 14:02:00,breast milk,bottle,40.0,,
22,1,JOJO,,2022-06-10 12:09:00,2022-06-10 12:09:00,formula,bottle,60.0,,
21,1,JOJO,,2022-06-10 11:45:00,2022-06-10 11:57:00,breast milk,bottle,40.0,,
20,1,JOJO,,2022-06-10 08:41:00,2022-06-10 08:58:00,formula,bottle,90.0,,
19,1,JOJO,,2022-06-10 06:08:00,2022-06-10 06:21:00,formula,bottle,60.0,,
18,1,JOJO,,2022-06-10 05:19:00,2022-06-10 05:53:00,breast milk,both breasts,,,
17,1,JOJO,,2022-06-09 23:17:00,2022-06-09 23:17:00,formula,bottle,90.0,,
16,1,JOJO,,2022-06-09 21:30:00,2022-06-09 21:45:00,formula,bottle,90.0,,
15,1,JOJO,,2022-06-09 21:18:00,2022-06-09 21:18:00,breast milk,both breasts,,,
14,1,JOJO,,2022-06-09 18:35:00,2022-06-09 18:44:00,formula,bottle,60.0,,
13,1,JOJO,,2022-06-09 15:45:00,2022-06-09 16:09:00,formula,bottle,60.0,,
12,1,JOJO,,2022-06-09 11:45:00,2022-06-09 12:10:00,formula,bottle,70.0,,
11,1,JOJO,,2022-06-09 09:00:00,2022-06-09 09:05:00,formula,bottle,60.0,,
10,1,JOJO,,2022-06-09 08:51:00,2022-06-09 08:51:00,breast milk,bottle,10.0,,
9,1,JOJO,,2022-06-09 06:36:00,2022-06-09 06:50:00,formula,bottle,60.0,,
8,1,JOJO,,2022-06-09 03:53:00,2022-06-09 04:00:00,formula,bottle,60.0,,
7,1,JOJO,,2022-06-09 03:47:00,2022-06-09 03:50:00,breast milk,bottle,20.0,,
6,1,JOJO,,2022-06-09 01:00:00,2022-06-09 01:10:00,formula,bottle,60.0,,
5,1,JOJO,,2022-06-08 22:32:00,2022-06-08 22:46:00,formula,bottle,30.0,,
4,1,JOJO,,2022-06-08 20:21:00,2022-06-08 20:29:00,formula,bottle,30.0,,
3,1,JOJO,,2022-06-08 20:14:00,2022-06-08 20:17:00,breast milk,bottle,30.0,,
2,1,JOJO,,2022-06-08 18:28:00,2022-06-08 18:33:00,formula,bottle,30.0,,
1,1,JOJO,,2022-06-08 18:05:00,2022-06-08 18:08:00,breast milk,bottle,30.0,,
